WeekNumInMonth,Pct
1,67.82608695652173
2,13.91304347826087
3,11.304347826086957
4,6.086956521739131
5,0.8695652173913043
